{
    "challengeBackendInformation": {
        "isDefaultChallenge": true,
        "readableName": "Place a chicken and cow on a buildplate",
        "progressWhenLocked": false
    },
    "challengeInfo": {
        "referenceId": "57f50f14-1b46-460b-82dc-e1220d53a15b",
        "duration": "Season",
        "type": "Regular",
        "endTimeUtc": "2023-09-24T02:00:00+02:00",
        "rewards": {
            "inventory": [
                {
                    "id": "d08fb88b-e670-2a8d-3b83-8edb363e7ba4",
                    "amount": 1
                }
            ],
            "buildplates": [],
            "challenges": [],
            "personaItems": [],
            "utilityBlocks": []
        },
        "percentComplete": 0,
        "isComplete": false,
        "state": "Locked",
        "category": "season_17",
        "currentCount": 0,
        "totalThreshold": 2,
        "parentId": "3d82b9c1-f4e0-4a20-b87e-9a11734bcb6a",
        "order": 4,
        "rarity": null,
        "prerequisiteLogicalCondition": "Or",
        "prerequisiteIds": [
            "f0532069-a70a-4a01-8611-f770bb46d9cd",
            "d8d2abd5-f318-4c34-a257-57b9691a2774"
        ],
        "groupId": "cc456b52-1586-4e75-b7e9-aa811f609567",
        "clientProperties": {}
    },
    "challengeRequirements": {}
}