{
  "challengeBackendInformation": {
    "isDefaultChallenge": true,
    "readableName": "Collect 3 rabbits",
    "progressWhenLocked": false
  },
  "challengeInfo": {
    "referenceId": "537fec4e-fed5-4618-b7b5-c171434111ad",
    "duration": "Season",
    "type": "Regular",
    "endTimeUtc": "2023-09-24T02:00:00+02:00",
    "rewards": {
      "inventory": [
        {
          "id": "75875fbb-9615-41da-9a04-5a1d290513b5",
          "amount": 2
        }
      ],
      "buildplates": [
      ],
      "challenges": [
      ],
      "personaItems": [
      ],
      "utilityBlocks": [
      ]
    },
    "percentComplete": 0,
    "isComplete": false,
    "state": "Locked",
    "category": "season_17",
    "currentCount": 0,
    "totalThreshold": 3,
    "parentId": "70961d0f-a762-4846-a79c-576d685263f4",
    "order": 23,
    "rarity": null,
    "prerequisiteLogicalCondition": "Or",
    "prerequisiteIds": [
      "2bb26b41-e841-4815-ade5-a0d93ac51258",
      "68337eb8-c1c8-4f57-876a-d262ca7a22f4"
    ],
    "groupId": "cc456b52-1586-4e75-b7e9-aa811f609567",
    "clientProperties": {
    }
  },
  "challengeRequirements": {
    "items": [
      {
        "targetItems": {
          "itemIds": null,
          "groupKeys": [
            "rabbit"
          ],
          "categories": [
            "Mobs"
          ],
          "rarity": null
        },
        "sourceItems": null,
        "action": [
          "ItemCrafted",
          "ItemAwarded",
          "ItemSmelted"
        ],
        "location": [],
        "threshold": 3,
        "shouldBeUnique": false
      }
    ]
  }
}