{
    "challengeBackendInformation": {
        "isDefaultChallenge": true,
        "readableName": "Super prizes unlocked",
        "progressWhenLocked": true
    },
    "challengeInfo": {
        "referenceId": "0688f294-76a8-41ed-a34c-24b8d9e3bc98",
        "duration": "Season",
        "type": "Regular",
        "endTimeUtc": "2023-09-24T02:00:00+02:00",
        "rewards": {
            "experiencePoints": 250,
            "inventory": [],
            "buildplates": [],
            "challenges": [],
            "personaItems": [],
            "utilityBlocks": []
        },
        "percentComplete": 0,
        "isComplete": false,
        "state": "Locked",
        "category": "season_17",
        "currentCount": 0,
        "totalThreshold": 1,
        "parentId": "70961d0f-a762-4846-a79c-576d685263f4",
        "order": 16,
        "rarity": null,
        "prerequisiteLogicalCondition": "Or",
        "prerequisiteIds": [
            "fb13127e-d19d-48bd-a977-f830eecff180"
        ],
        "groupId": "cc456b52-1586-4e75-b7e9-aa811f609567",
        "clientProperties": {}
    },
    "challengeRequirements": {
        "challenges": [
            {
                "targetChallengeIds": [
                    "9bda1e32-7638-454f-9f8a-bebedefc8df5"
                ],
                "durations": null,
                "rarities": null,
                "threshold": 1
            }
        ]
    }
}