{
    "challengeBackendInformation": {
        "isDefaultChallenge": true,
        "readableName": "Sheep stickers",
        "progressWhenLocked": false
    },
    "challengeInfo": {
        "referenceId": "a9efe98f-be30-4df8-87ae-94ef5778ac77",
        "duration": "Career",
        "type": "Journal",
        "endTimeUtc": null,
        "rewards": {
            "inventory": [],
            "buildplates": [],
            "challenges": [],
            "personaItems": [],
            "utilityBlocks": [],
            "experiencePoints": 100
        },
        "percentComplete": 0,
        "isComplete": false,
        "state": "Active",
        "category": "sheep",
        "currentCount": 0,
        "totalThreshold": 5,
        "parentId": null,
        "order": 0,
        "rarity": null,
        "prerequisiteLogicalCondition": "Or",
        "prerequisiteIds": [],
        "groupId": null,
        "clientProperties": {}
    },
    "challengeRequirements": {
        "items": [
            {
                "targetItems": {
                    "itemIds": null,
                    "groupKeys": [
                        "sheep"
                    ],
                    "categories": [
                        "Mobs"
                    ],
                    "rarity": null
                },
                "sourceItems": null,
                "action": [
                    "ItemJournalEntryUnlocked"
                ],
                "location": [],
                "threshold": 5,
                "shouldBeUnique": false
            }
        ]
    }
}