{
  "challengeBackendInformation": {
    "isDefaultChallenge": true,
    "readableName": "Collect a rare adventure chest",
    "progressWhenLocked": false
  },
  "challengeInfo": {
    "referenceId": "1d4197fc-49b7-4cca-8397-8792aba78037",
    "duration": "Season",
    "type": "Regular",
    "endTimeUtc": "2023-09-24T02:00:00+02:00",
    "rewards": {
      "inventory": [
        {
          "id": "408bb17b-da92-0cea-7496-ee01c6a542d7",
          "amount": 5
        }
      ],
      "buildplates": [
      ],
      "challenges": [
      ],
      "personaItems": [
      ],
      "utilityBlocks": [
      ]
    },
    "percentComplete": 0,
    "isComplete": false,
    "state": "Locked",
    "category": "season_17",
    "currentCount": 0,
    "totalThreshold": 1,
    "parentId": "70961d0f-a762-4846-a79c-576d685263f4",
    "order": 30,
    "rarity": null,
    "prerequisiteLogicalCondition": "Or",
    "prerequisiteIds": [
      "3183cf3d-19e5-4bf5-b8a8-3085f4e650d3",
      "152a875e-2389-4245-8e1f-08f1915d6c7a"
    ],
    "groupId": "cc456b52-1586-4e75-b7e9-aa811f609567",
    "clientProperties": {
    }
  },
  "challengeRequirements": {
  }
}