{
  "challengeBackendInformation": {
    "isDefaultChallenge": true,
    "readableName": "Defeat 7 hostile mobs with TNT",
    "progressWhenLocked": false
  },
  "challengeInfo": {
    "referenceId": "af6d9346-4a07-458e-880e-3f3601db8739",
    "duration": "Season",
    "type": "Regular",
    "endTimeUtc": "2023-09-24T02:00:00+02:00",
    "rewards": {
      "inventory": [
        {
          "id": "ff723264-b108-9d24-f445-73a3322fc72e",
          "amount": 1
        }
      ],
      "buildplates": [
      ],
      "challenges": [
      ],
      "personaItems": [
      ],
      "utilityBlocks": [
      ]
    },
    "percentComplete": 0,
    "isComplete": false,
    "state": "Locked",
    "category": "season_17",
    "currentCount": 0,
    "totalThreshold": 7,
    "parentId": "70961d0f-a762-4846-a79c-576d685263f4",
    "order": 21,
    "rarity": null,
    "prerequisiteLogicalCondition": "Or",
    "prerequisiteIds": [
      "63e5d65e-1152-4adc-97e7-2818854a867a",
      "abd271f8-22cd-42ff-b985-cd5e642ea25a",
      "29ebe650-072f-4f70-996f-4ffdda93ed1f"
    ],
    "groupId": "cc456b52-1586-4e75-b7e9-aa811f609567",
    "clientProperties": {
    }
  },
  "challengeRequirements": {
  }
}