{
    "challengeBackendInformation": {
        "isDefaultChallenge": true,
        "readableName": "Collect 3 mobs from tappables",
        "progressWhenLocked": false
    },
    "challengeInfo": {
        "referenceId": "d58c96b5-6962-4a97-a4e1-45d635e8cef2",
        "duration": "Season",
        "type": "Regular",
        "endTimeUtc": "2023-09-24T02:00:00+02:00",
        "rewards": {
            "inventory": [
                {
                    "id": "8864e97c-36a6-b66b-63c6-5b247cdd1aaa",
                    "amount": 8
                }
            ],
            "buildplates": [],
            "challenges": [],
            "personaItems": [],
            "utilityBlocks": []
        },
        "percentComplete": 0,
        "isComplete": false,
        "state": "Locked",
        "category": "season_17",
        "currentCount": 0,
        "totalThreshold": 3,
        "parentId": "3d82b9c1-f4e0-4a20-b87e-9a11734bcb6a",
        "order": 5,
        "rarity": null,
        "prerequisiteLogicalCondition": "Or",
        "prerequisiteIds": [
            "f0532069-a70a-4a01-8611-f770bb46d9cd",
            "242b6706-8112-4302-819b-bde98fd574f6"
        ],
        "groupId": "cc456b52-1586-4e75-b7e9-aa811f609567",
        "clientProperties": {}
    },
    "challengeRequirements": {
        "items": [
            {
                "targetItems": {
                    "itemIds": null,
                    "groupKeys": null,
                    "categories": [
                        "Mobs"
                    ],
                    "rarity": null
                },
                "sourceItems": null,
                "action": [
                    "ItemCrafted",
                    "ItemAwarded",
                    "ItemSmelted"
                ],
                "location": ["Tappable"],
                "threshold": 3,
                "shouldBeUnique": false
            }
        ]
    }
}