{
  "challengeBackendInformation": {
    "isDefaultChallenge": true,
    "readableName": "Collect a tappable",
    "progressWhenLocked": false
  },
  "challengeInfo": {
    "referenceId": "a7ac0df7-4239-491d-9dc4-8691d053ebf4",
    "duration": "Season",
    "type": "Regular",
    "endTimeUtc": "2023-09-24T02:00:00+02:00",
    "rewards": {
      "inventory": [
        {
          "id": "d9bbd707-8a7a-4edb-a85c-f8ec0c78a1f9",
          "amount": 1
        }
      ],
      "buildplates": [
      ],
      "challenges": [
      ],
      "personaItems": [
      ],
      "utilityBlocks": [
      ]
    },
    "percentComplete": 0,
    "isComplete": false,
    "state": "Active",
    "category": "season_17",
    "currentCount": 0,
    "totalThreshold": 1,
    "parentId": "3d82b9c1-f4e0-4a20-b87e-9a11734bcb6a",
    "order": 1,
    "rarity": null,
    "prerequisiteLogicalCondition": "And",
    "prerequisiteIds": [
    ],
    "groupId": "cc456b52-1586-4e75-b7e9-aa811f609567",
    "clientProperties": {
    }
  },
  "challengeRequirements": {
    "tappables": [
      {
        "targetTappableTypes": null,
        "threshold": 1,
        "shouldBeUnique": false
      }
    ]
  }
}