{
  "id": "ba0c261d-3638-56f7-d9f7-bad3156b8a2c",
  "item": {
    "name": "bed",
    "aux": 0,
    "type": "Block",
    "useType": "Build",
    "tapSpeed": 0,
    "heal": 0,
    "nutrition": 0,
    "mobDamage": 0,
    "blockDamage": 0,
    "health": 2,
    "blockMetadata": {
      "health": 2,
      "efficiencyCategory": "equal"
    },
    "itemMetadata": {
      "useType": "Build",
      "alternativeUseType": "None",
      "mobDamage": 0,
      "blockDamage": 0,
      "weakDamage": null,
      "nutrition": 0,
      "heal": 0,
      "efficiencyType": null,
      "maxHealth": 2
    },
    "boostMetadata": null,
    "journalMetadata": {
      "groupKey": "beds",
      "experience": 0,
      "order": 355,
      "behavior": "None",
      "biome": "None"
    },
    "audioMetadata": null,
    "clientProperties": {}
  },
  "rarity": "Uncommon",
  "fragmentsRequired": 1,
  "stacks": true,
  "burnRate": null,
  "fuelReturnItems": [],
  "consumeReturnItems": [],
  "deprecated": false,
  "experience": 12,
  "experiencePoints": {
    "tappable": 12
  },
  "category": "Items"
}
