{
  "id": "bab05ee3-b06f-411b-a6a4-a112f9acf72f",
  "item": {
    "name": "defense_3",
    "aux": 0,
    "type": "Boost",
    "useType": "Consume",
    "tapSpeed": null,
    "heal": null,
    "nutrition": null,
    "mobDamage": null,
    "blockDamage": null,
    "health": null,
    "blockMetadata": {
      "health": null,
      "efficiencyCategory": null
    },
    "itemMetadata": {
      "useType": "Consume",
      "alternativeUseType": "None",
      "mobDamage": null,
      "blockDamage": null,
      "weakDamage": null,
      "nutrition": null,
      "heal": null,
      "efficiencyType": null,
      "maxHealth": null
    },
    "boostMetadata": {
      "name": "defense",
      "attribute": "Defense",
      "type": "Potion",
      "canBeDeactivated": false,
      "canBeRemoved": true,
      "activeDuration": null,
      "additive": true,
      "level": 3,
      "effects": [
        {
          "type": "PlayerDefense",
          "duration": "00:30:00",
          "value": 75,
          "unit": "Percentage",
          "targets": "Player",
          "items": [],
          "itemScenarios": [],
          "activation": "Timed",
          "modifiesType": null
        }
      ],
      "scenario": null,
      "cooldown": null
    },
    "journalMetadata": null,
    "audioMetadata": null,
    "clientProperties": {}
  },
  "rarity": "Common",
  "fragmentsRequired": 1,
  "stacks": true,
  "burnRate": null,
  "fuelReturnItems": [],
  "consumeReturnItems": [],
  "deprecated": false,
  "experience": null,
  "experiencePoints": {},
  "category": "defense"
}
