{
  "id": "727fd3d2-5792-fc72-ae23-11f216ca90a7",
  "item": {
    "name": "double_plant",
    "aux": 4,
    "type": "Block",
    "useType": "Build",
    "tapSpeed": 0,
    "heal": 0,
    "nutrition": 0,
    "mobDamage": 0,
    "blockDamage": 0,
    "health": 1,
    "blockMetadata": {
      "health": 1,
      "efficiencyCategory": "plants"
    },
    "itemMetadata": {
      "useType": "Build",
      "alternativeUseType": "None",
      "mobDamage": 0,
      "blockDamage": 0,
      "weakDamage": null,
      "nutrition": 0,
      "heal": 0,
      "efficiencyType": null,
      "maxHealth": 1
    },
    "boostMetadata": null,
    "journalMetadata": {
      "groupKey": "plants",
      "experience": 0,
      "order": 2179,
      "behavior": "None",
      "biome": "Plains"
    },
    "audioMetadata": null,
    "clientProperties": {}
  },
  "rarity": "Common",
  "fragmentsRequired": 1,
  "stacks": true,
  "burnRate": null,
  "fuelReturnItems": [],
  "consumeReturnItems": [],
  "deprecated": false,
  "experience": 6,
  "experiencePoints": {
    "tappable": 6
  },
  "category": "Nature"
}
