{
  "id": "c93556a1-95d6-1a27-fe8c-6625c4146d71",
  "item": {
    "name": "double_plant",
    "aux": 5,
    "type": "Block",
    "useType": "Build",
    "tapSpeed": 0,
    "heal": 0,
    "nutrition": 0,
    "mobDamage": 0,
    "blockDamage": 0,
    "health": 1,
    "blockMetadata": {
      "health": 1,
      "efficiencyCategory": "plants"
    },
    "itemMetadata": {
      "useType": "Build",
      "alternativeUseType": "None",
      "mobDamage": 0,
      "blockDamage": 0,
      "weakDamage": null,
      "nutrition": 0,
      "heal": 0,
      "efficiencyType": null,
      "maxHealth": 1
    },
    "boostMetadata": null,
    "journalMetadata": {
      "groupKey": "plants",
      "experience": 0,
      "order": 2175,
      "behavior": "None",
      "biome": "Plains"
    },
    "audioMetadata": null,
    "clientProperties": {}
  },
  "rarity": "Common",
  "fragmentsRequired": 1,
  "stacks": true,
  "burnRate": null,
  "fuelReturnItems": [],
  "consumeReturnItems": [],
  "deprecated": false,
  "experience": null,
  "experiencePoints": {},
  "category": "Nature"
}
