{
  "id": "1808716a-949a-429e-a138-643e20532f87",
  "item": {
    "name": "eating_3",
    "aux": 0,
    "type": "Boost",
    "useType": "Consume",
    "tapSpeed": null,
    "heal": null,
    "nutrition": null,
    "mobDamage": null,
    "blockDamage": null,
    "health": null,
    "blockMetadata": {
      "health": null,
      "efficiencyCategory": null
    },
    "itemMetadata": {
      "useType": "Consume",
      "alternativeUseType": "None",
      "mobDamage": null,
      "blockDamage": null,
      "weakDamage": null,
      "nutrition": null,
      "heal": null,
      "efficiencyType": null,
      "maxHealth": null
    },
    "boostMetadata": {
      "name": "eating",
      "attribute": "Eating",
      "type": "Potion",
      "canBeDeactivated": false,
      "canBeRemoved": true,
      "activeDuration": null,
      "additive": true,
      "level": 3,
      "effects": [
        {
          "type": "FoodHealth",
          "duration": "00:30:00",
          "value": 300,
          "unit": "Percentage",
          "targets": "Player",
          "items": [
            "20dbd5fc-06b7-1aa1-5943-7ddaa2061e6a",
            "76e41f1b-afa5-7e1f-0540-ade5a819b018",
            "55b6f722-3c81-4c0b-3d0d-be68fd8dbd4e",
            "a30a9a67-c6dd-3d58-5828-43bfda5e3ad3",
            "04b60854-7133-be6c-caeb-3ab7919b8a62",
            "04eafeb1-0eff-f85e-9ac9-ea6c69024035",
            "b2972abc-bf65-8b19-aaa9-a67732e6923e",
            "1862859c-c4b4-2c3e-095d-9e10e7b3c406",
            "f4b33e4e-48cb-1c9f-3974-ab380526a7a6",
            "4cc1bab0-5584-7b47-a534-4422a5f571b3",
            "a1aaafc1-3fe0-118d-15f7-1edec233ce78",
            "d520eca3-a491-3cda-c51d-32e343371baf",
            "c2fdbc1c-60ab-396c-22a8-d9a3df37555e",
            "9b925673-d56d-435f-4728-0790727b33d3",
            "9fca899c-6764-c9da-5e6b-47db6305aac9",
            "d4ac4a79-b2dc-502f-47e2-98e2b2adc74d",
            "64db15cc-5620-3b5e-22b3-11ceab6a776b",
            "3a8a26e9-358e-acde-5154-651f4d13a1e5",
            "36e0ec59-ab45-e654-c5e4-9bda569ea3b7",
            "1d5d04e0-b25d-1580-8992-dec134838d71",
            "bd3db2c5-1dbd-8f99-9064-4547590523ef",
            "c6692b8d-e595-591a-bd8a-0f468df3af07",
            "fd595ab4-a2c8-b278-caf7-91021fd32811",
            "cd621b71-a549-6751-24a1-41d60618e759",
            "5383ea79-1e8e-7809-a612-67157b86830c",
            "9daf4912-7cd2-172d-6d1b-aa4bd3fc8319",
            "c14fc209-f280-bccc-bb4a-6c2a3fc71abc",
            "4790d989-80ae-e654-e0b3-05081cf6e026"
          ],
          "itemScenarios": [],
          "activation": "Timed",
          "modifiesType": "Health"
        }
      ],
      "scenario": null,
      "cooldown": null
    },
    "journalMetadata": null,
    "audioMetadata": null,
    "clientProperties": {}
  },
  "rarity": "Common",
  "fragmentsRequired": 1,
  "stacks": true,
  "burnRate": null,
  "fuelReturnItems": [],
  "consumeReturnItems": [],
  "deprecated": false,
  "experience": null,
  "experiencePoints": {},
  "category": "eating"
}
