{
  "id": "b191cecc-29be-931f-bd8a-244eeffcc5a0",
  "item": {
    "name": "fence",
    "aux": 0,
    "type": "Block",
    "useType": "Build",
    "tapSpeed": 0,
    "heal": 0,
    "nutrition": 0,
    "mobDamage": 0,
    "blockDamage": 0,
    "health": 15,
    "blockMetadata": {
      "health": 15,
      "efficiencyCategory": "wood"
    },
    "itemMetadata": {
      "useType": "Build",
      "alternativeUseType": "None",
      "mobDamage": 0,
      "blockDamage": 0,
      "weakDamage": null,
      "nutrition": 0,
      "heal": 0,
      "efficiencyType": null,
      "maxHealth": 15
    },
    "boostMetadata": null,
    "journalMetadata": {
      "groupKey": "manufactured blocks",
      "experience": 0,
      "order": 85,
      "behavior": "None",
      "biome": "None"
    },
    "audioMetadata": {
      "sounds": {
        "journal": "journal.select.wood"
      },
      "defaultSound": "journal.select.wood"
    },
    "clientProperties": {}
  },
  "rarity": "Common",
  "fragmentsRequired": 1,
  "stacks": true,
  "burnRate": {
    "heatPerSecond": 25,
    "burnTime": 13
  },
  "fuelReturnItems": [],
  "consumeReturnItems": [],
  "deprecated": false,
  "experience": 10,
  "experiencePoints": {
    "tappable": 10
  },
  "category": "Construction"
}
