{
  "id": "d66adbaa-b7b9-1dce-beae-b432c8325424",
  "item": {
    "name": "grass_path",
    "aux": 0,
    "type": "EnvironmentBlock",
    "useType": "Use",
    "tapSpeed": 0,
    "heal": 0,
    "nutrition": 0,
    "mobDamage": 0,
    "blockDamage": 0,
    "health": 5,
    "blockMetadata": {
      "health": 5,
      "efficiencyCategory": "ground"
    },
    "itemMetadata": {
      "useType": "Use",
      "alternativeUseType": "None",
      "mobDamage": 0,
      "blockDamage": 0,
      "weakDamage": null,
      "nutrition": 0,
      "heal": 0,
      "efficiencyType": null,
      "maxHealth": 5
    },
    "boostMetadata": null,
    "journalMetadata": null,
    "audioMetadata": null,
    "clientProperties": {}
  },
  "rarity": "Common",
  "fragmentsRequired": 1,
  "stacks": true,
  "burnRate": null,
  "fuelReturnItems": [],
  "consumeReturnItems": [],
  "deprecated": false,
  "experience": 1,
  "experiencePoints": {
    "tappable": 1
  },
  "category": "Nature"
}
