{
  "id": "fabec585-3c93-49c4-0ec5-4184cb24cbc7",
  "item": {
    "name": "gunpowder",
    "aux": 0,
    "type": "Block",
    "useType": "Use",
    "tapSpeed": 0,
    "heal": 0,
    "nutrition": 0,
    "mobDamage": 0,
    "blockDamage": 0,
    "health": 0,
    "blockMetadata": {
      "health": 0,
      "efficiencyCategory": null
    },
    "itemMetadata": {
      "useType": "Use",
      "alternativeUseType": "None",
      "mobDamage": 0,
      "blockDamage": 0,
      "weakDamage": null,
      "nutrition": 0,
      "heal": 0,
      "efficiencyType": null,
      "maxHealth": 0
    },
    "boostMetadata": null,
    "journalMetadata": {
      "groupKey": "mob drops",
      "experience": 0,
      "order": 289,
      "behavior": "None",
      "biome": "Overworld"
    },
    "audioMetadata": {
      "sounds": {
        "journal": "journal.select.powder"
      },
      "defaultSound": "journal.select.powder"
    },
    "clientProperties": {}
  },
  "rarity": "Common",
  "fragmentsRequired": 1,
  "stacks": true,
  "burnRate": null,
  "fuelReturnItems": [],
  "consumeReturnItems": [],
  "deprecated": false,
  "experience": 5,
  "experiencePoints": {
    "tappable": 5
  },
  "category": "Items"
}
