{
  "id": "d9bbd707-8a7a-4edb-a85c-f8ec0c78a1f9",
  "item": {
    "name": "hoarding_2",
    "aux": 0,
    "type": "Boost",
    "useType": "Consume",
    "tapSpeed": null,
    "heal": null,
    "nutrition": null,
    "mobDamage": null,
    "blockDamage": null,
    "health": null,
    "blockMetadata": {
      "health": null,
      "efficiencyCategory": null
    },
    "itemMetadata": {
      "useType": "Consume",
      "alternativeUseType": "None",
      "mobDamage": null,
      "blockDamage": null,
      "weakDamage": null,
      "nutrition": null,
      "heal": null,
      "efficiencyType": null,
      "maxHealth": null
    },
    "boostMetadata": {
      "name": "hotbar_retention",
      "attribute": "Retention",
      "type": "Potion",
      "canBeDeactivated": false,
      "canBeRemoved": true,
      "activeDuration": "00:15:00",
      "additive": true,
      "level": 2,
      "effects": [
        {
          "type": "RetainHotbar",
          "duration": null,
          "value": null,
          "unit": null,
          "targets": "Player",
          "items": [],
          "itemScenarios": [],
          "activation": "Triggered",
          "modifiesType": null
        },
        {
          "type": "RetainExperiencePoints",
          "duration": null,
          "value": null,
          "unit": null,
          "targets": "Player",
          "items": [],
          "itemScenarios": [],
          "activation": "Triggered",
          "modifiesType": null
        }
      ],
      "scenario": "Death",
      "cooldown": null
    },
    "journalMetadata": null,
    "audioMetadata": null,
    "clientProperties": {}
  },
  "rarity": "Common",
  "fragmentsRequired": 1,
  "stacks": true,
  "burnRate": null,
  "fuelReturnItems": [],
  "consumeReturnItems": [],
  "deprecated": false,
  "experience": null,
  "experiencePoints": {},
  "category": "hoarding"
}
