{
  "id": "fb9b0570-4918-76ab-4052-792af8f611d4",
  "item": {
    "name": "log",
    "aux": 2,
    "type": "Block",
    "useType": "Build",
    "tapSpeed": 0,
    "heal": 0,
    "nutrition": 0,
    "mobDamage": 0,
    "blockDamage": 0,
    "health": 15,
    "blockMetadata": {
      "health": 15,
      "efficiencyCategory": "wood"
    },
    "itemMetadata": {
      "useType": "Build",
      "alternativeUseType": "None",
      "mobDamage": 0,
      "blockDamage": 0,
      "weakDamage": null,
      "nutrition": 0,
      "heal": 0,
      "efficiencyType": null,
      "maxHealth": 15
    },
    "boostMetadata": null,
    "journalMetadata": {
      "groupKey": "natural blocks",
      "experience": 0,
      "order": 19,
      "behavior": "None",
      "biome": "BirchForest"
    },
    "audioMetadata": {
      "sounds": {
        "journal": "journal.select.wood"
      },
      "defaultSound": "journal.select.wood"
    },
    "clientProperties": {}
  },
  "rarity": "Common",
  "fragmentsRequired": 1,
  "stacks": true,
  "burnRate": {
    "heatPerSecond": 55,
    "burnTime": 30
  },
  "fuelReturnItems": [],
  "consumeReturnItems": [],
  "deprecated": false,
  "experience": 3,
  "experiencePoints": {
    "tappable": 3
  },
  "category": "Nature"
}
