{
  "id": "2ed364f5-eac5-fc2e-4e0b-a4582ae85d09",
  "item": {
    "name": "mushroom_stew",
    "aux": 0,
    "type": "Boost",
    "useType": "Consume",
    "tapSpeed": 0,
    "heal": 8,
    "nutrition": 0,
    "mobDamage": 0,
    "blockDamage": 0,
    "health": 0,
    "blockMetadata": {
      "health": 0,
      "efficiencyCategory": null
    },
    "itemMetadata": {
      "useType": "Consume",
      "alternativeUseType": "None",
      "mobDamage": 0,
      "blockDamage": 0,
      "weakDamage": null,
      "nutrition": 0,
      "heal": 8,
      "efficiencyType": null,
      "maxHealth": 0
    },
    "boostMetadata": {
      "name": "mushroom_stew",
      "attribute": "Healing",
      "type": "InventoryItem",
      "canBeDeactivated": false,
      "canBeRemoved": false,
      "activeDuration": null,
      "additive": true,
      "level": null,
      "effects": [
        {
          "type": "Health",
          "duration": null,
          "value": 8,
          "unit": "Increment",
          "targets": "Player",
          "items": [],
          "itemScenarios": [],
          "activation": "Instant",
          "modifiesType": null
        }
      ],
      "scenario": null,
      "cooldown": null
    },
    "journalMetadata": {
      "groupKey": "Food",
      "experience": 10,
      "order": 0,
      "behavior": "None",
      "biome": "None"
    },
    "audioMetadata": {
      "sounds": {
        "journal": "journal.select.drink"
      },
      "defaultSound": "journal.select.drink"
    },
    "clientProperties": {}
  },
  "rarity": "Uncommon",
  "fragmentsRequired": 1,
  "stacks": true,
  "burnRate": null,
  "fuelReturnItems": [],
  "consumeReturnItems": [
    {
      "id": "a2ff336f-5122-1736-c0d6-1556fe9d3e50",
      "amount": 1
    }
  ],
  "deprecated": false,
  "experience": null,
  "experiencePoints": {
    "tappable": 3
  },
  "category": "Equipment"
}
