{
  "id": "49fc1bb5-a8d1-5b13-4a0f-c0fbd502e6d0",
  "item": {
    "name": "red_sandstone",
    "aux": 1,
    "type": "Block",
    "useType": "Build",
    "tapSpeed": 0,
    "heal": 0,
    "nutrition": 0,
    "mobDamage": 0,
    "blockDamage": 0,
    "health": 39,
    "blockMetadata": {
      "health": 39,
      "efficiencyCategory": "rock_1"
    },
    "itemMetadata": {
      "useType": "Build",
      "alternativeUseType": "None",
      "mobDamage": 0,
      "blockDamage": 0,
      "weakDamage": null,
      "nutrition": 0,
      "heal": 0,
      "efficiencyType": null,
      "maxHealth": 39
    },
    "boostMetadata": null,
    "journalMetadata": {
      "groupKey": "manufactured blocks",
      "experience": 0,
      "order": 2180,
      "behavior": "None",
      "biome": "None"
    },
    "audioMetadata": null,
    "clientProperties": {}
  },
  "rarity": "Common",
  "fragmentsRequired": 1,
  "stacks": true,
  "burnRate": null,
  "fuelReturnItems": [],
  "consumeReturnItems": [],
  "deprecated": false,
  "experience": 1,
  "experiencePoints": {
    "tappable": 1
  },
  "category": "Construction"
}
