{
  "id": "d448815f-27b9-8055-d6e7-cf034d6ae060",
  "item": {
    "name": "redstone_wire",
    "aux": 0,
    "type": "EnvironmentBlock",
    "useType": "Use",
    "tapSpeed": 0,
    "heal": 0,
    "nutrition": 0,
    "mobDamage": 0,
    "blockDamage": 0,
    "health": 1,
    "blockMetadata": {
      "health": 1,
      "efficiencyCategory": "instant"
    },
    "itemMetadata": {
      "useType": "Use",
      "alternativeUseType": "None",
      "mobDamage": 0,
      "blockDamage": 0,
      "weakDamage": null,
      "nutrition": 0,
      "heal": 0,
      "efficiencyType": null,
      "maxHealth": 1
    },
    "boostMetadata": null,
    "journalMetadata": null,
    "audioMetadata": null,
    "clientProperties": {}
  },
  "rarity": "Rare",
  "fragmentsRequired": 1,
  "stacks": true,
  "burnRate": null,
  "fuelReturnItems": [],
  "consumeReturnItems": [],
  "deprecated": false,
  "experience": 10,
  "experiencePoints": {
    "tappable": 10,
    "encounter": 2
  },
  "category": "Items"
}
